-0.015430468,0.51087921,0.000500761,0.346196928,0.943309967,0.000486153,0.081065825,0.847698003,0.00050013,0.376800838,0.948461688,0.000482883,0.543225582,0.979973027,0.000433474,0.196558075,0.610149192,0.000497764,0.199831673,0.592211776,0.00049709,0.008006298,0.822239046,0.000500697,-0.049417654,0.875317702,0.000501041,0.228269847,0.829191541,0.000496698,0.543225582,0.979973027,0.000433474,0.196558075,0.610149192,0.197159551,0.658967487,0.228269899,0.829191541,0.173339423,0.799724389,0.543225613,0.979973027,0.538231441,0.975346342
0.050176717,0.585320433,0.000505212,0.205144077,0.859706617,0.00049838,0.13458792,0.939502705,0.000504561,0.231978201,0.887234707,0.000494856,0.392643499,0.953974199,0.000476786,0.095029902,0.747367873,0.000503894,0.098394082,0.761724927,0.000503606,0.054707561,0.814284228,0.00050515,-0.038610864,0.882922389,0.000505741,0.11547824,0.654130254,0.000503916,0.392643499,0.953974199,0.000476786,0.095029902,0.747367873,0.096303881,0.717759051,0.115478205,0.654130254,0.104701979,0.747721598,0.392643475,0.953974199,0.516041492,0.952600916
0.001937931,0.606408243,0.000467749,0.215813966,0.842576521,0.00045633,0.050331135,0.901220487,0.00046799,0.22123144,0.845023005,0.000455647,0.454988195,0.949758933,0.000433441,0.134266732,0.689362757,0.000464828,0.134911356,0.770096702,0.00046407,0.000991833,0.748937929,0.000467847,-0.02501471,0.76162906,0.000468005,0.101498251,0.56546271,0.000465163,0.454988195,0.949758933,0.000433441,0.134266732,0.689362757,0.132511349,0.760809433,0.101498272,0.56546271,0.161295047,0.603675479,0.454988207,0.949758933,0.457304151,0.948978435
0.039766205,0.638504864,0.000502431,0.225646581,0.838197645,0.000496439,0.068335982,0.887352791,0.000501516,0.259469968,0.869431644,0.000494621,0.47635398,0.935995904,0.000453524,0.152274873,0.634408602,0.00049825,0.150822827,0.674859191,0.00049791,0.008137741,0.838709677,0.000502075,-0.018665902,0.87250384,0.00050191,0.170294135,0.58218126,0.000496826,0.47635398,0.935995904,0.000453524,0.152274873,0.634408602,0.156985227,0.695852535,0.17029423,0.58218126,0.181237109,0.604568685,0.47635404,0.935995904,0.454913178,0.923195084
0.03093218,0.789584594,0.000543106,0.240521579,0.754068361,0.00053391,0.068019375,0.903337366,0.000542595,0.258285688,0.580268199,0.000532025,0.439891239,0.950670498,0.0004955,0.161102544,0.812623513,0.000540253,0.159051146,0.855313571,0.000539964,0.11214066,0.864377899,0.000543251,-0.007924562,0.89800363,0.000543229,0.182999527,0.755968945,0.000538983,0.439891239,0.950670498,0.0004955,0.161102544,0.812623513,0.138093993,0.841570881,0.182999531,0.755968945,0.102340128,0.770395427,0.439891242,0.950670498,0.447695166,0.984870942
0.047609754,0.718470313,0.000538845,0.219882412,0.945673077,0.000532062,0.033804849,0.862282466,0.000538249,0.228994531,0.955288462,0.00053204,0.340651836,0.964423077,0.000493477,0.042930787,0.873579629,0.00053787,0.046697431,0.87261809,0.000537889,0.010752335,0.635408745,0.000539588,0.012650193,0.740104928,0.00053795,0.084697951,0.904326923,0.000537618,0.340651836,0.964423077,0.000493477,0.042930787,0.873579629,0.042400944,0.873579629,0.084698023,0.904326923,0.127966881,0.931928195,0.340651888,0.964423077,0.444545378,0.959156552
0.062448734,0.674746115,0.000578175,0.335101863,0.974379243,0.000563878,0.118841348,0.93501,0.000577761,0.362669058,0.985613883,0.000561632,0.598970993,0.989333277,0.000488147,0.168674877,0.834347465,0.00057485,0.16568413,0.83715209,0.000575127,0.05896588,0.778130658,0.00057812,-0.013468819,0.855029316,0.000578632,0.184109819,0.915534646,0.000575337,0.598970993,0.989333277,0.000488147,0.168674877,0.834347465,0.16920597,0.824343464,0.184109806,0.915534646,0.279346898,0.89535076,0.598970987,0.989333277,0.612248129,0.993657838
0.034376338,0.658840617,0.000687469,0.235559233,0.78831378,0.000673725,0.03713403,0.812068668,0.000687465,0.261323389,0.807070968,0.000671775,0.476401449,0.920203589,0.000622545,0.095384242,0.718995706,0.000684235,0.087058077,0.723967525,0.000684552,0.042173739,0.722999919,0.000687204,0.021342187,0.817019341,0.000687373,0.085818374,0.73066588,0.000685217,0.476401449,0.920203589,0.000622545,0.095384242,0.718995706,0.098602529,0.708212407,0.085818405,0.73066588,0.179302496,0.755239205,0.476401466,0.920203589,0.515082547,0.931976075
0.037242561,0.541704317,0.000800364,0.301675398,0.87485678,0.000781944,0.062750262,0.882925425,0.000799922,0.331125088,0.900401982,0.000774619,0.528696682,0.966850447,0.000705274,0.166818344,0.604214618,0.000794633,0.170073428,0.59014526,0.000794476,0.050210721,0.693417478,0.00079983,0.01285421,0.816504915,0.00080039,0.181570299,0.748952286,0.000794806,0.528696682,0.966850447,0.000705274,0.166818344,0.604214618,0.168905969,0.597429458,0.181570279,0.748952286,0.240884169,0.750938016,0.528696671,0.966850447,0.592642023,0.967040989
0.059434283,0.519913788,0.000786794,0.269442304,0.86413914,0.000772929,0.068036496,0.787319907,0.000786917,0.291711984,0.872417267,0.000770122,0.527107536,0.978153233,0.000703412,0.16764229,0.657287311,0.000780631,0.168165809,0.65053975,0.000779896,0.040364184,0.68381832,0.000786989,0.010113671,0.768981096,0.000787452,0.185256433,0.818813417,0.000780536,0.527107536,0.978153233,0.000703412,0.16764229,0.657287311,0.162756892,0.641543644,0.185256429,0.818813417,0.21090726,0.754605722,0.527107534,0.978153233,0.557970115,0.983478933
0.013832953,0.576604099,0.00083501,0.208227871,0.842956558,0.000820943,0.018239376,0.78417787,0.000834808,0.230305444,0.868558941,0.000819208,0.44992968,0.938713356,0.000766654,0.098680093,0.746440241,0.000831048,0.099542745,0.743075383,0.000830727,0.038271193,0.635473471,0.000834374,0.018645626,0.722533771,0.000834567,0.075761469,0.776560252,0.000832514,0.44992968,0.938713356,0.000766654,0.098680093,0.746440241,0.096147175,0.731818497,0.075761505,0.776560252,0.149671454,0.82610278,0.449929701,0.938713356,0.457725802,0.944543656
0.017028864,0.542626275,0.000937854,0.201182731,0.745582963,0.00092018,0.066102535,0.84518102,0.00093656,0.222380757,0.760638852,0.000916736,0.470649983,0.920830112,0.000833342,0.09139398,0.516794027,0.000934516,0.090190872,0.554924051,0.000934638,0.030949497,0.725462283,0.000937641,0.000552203,0.80923572,0.000937963,0.081440183,0.599067605,0.000934718,0.470649983,0.920830112,0.000833342,0.09139398,0.516794027,0.091281829,0.562337298,0.081440164,0.599067605,0.186293815,0.702403311,0.470649972,0.920830112,0.470861187,0.921364235
0.033278507,0.5066052,0.000875051,0.201806531,0.785496227,0.000859654,0.051053193,0.859838184,0.000874428,0.223360663,0.809475112,0.000855979,0.470394289,0.940561011,0.000794808,0.120223644,0.508048294,0.000868496,0.111054482,0.554847338,0.000869813,0.036130342,0.758058096,0.000874886,0.012299182,0.808054734,0.000875119,0.133215896,0.685121642,0.000869504,0.470394289,0.940561011,0.000794808,0.120223644,0.508048294,0.118333936,0.554762906,0.133215934,0.685121642,0.197365718,0.758658732,0.470394312,0.940561011,0.507585166,0.933890927
0.038119463,0.615998276,0.001013806,0.185370925,0.804038016,0.001003042,0.052842978,0.895696889,0.001013088,0.207643779,0.835429764,0.001000442,0.483854503,0.95840927,0.000920943,0.10833789,0.517541739,0.001009965,0.105484029,0.557836371,0.001010208,0.031140208,0.678865117,0.001015556,0.010884357,0.796241022,0.00101405,0.119600057,0.692253773,0.001009666,0.483854503,0.95840927,0.000920943,0.10833789,0.517541739,0.108635681,0.560670547,0.119600033,0.692253773,0.203622359,0.779505853,0.483854489,0.95840927,0.497766995,0.946218076
0.040447556,0.591469142,0.001086388,0.256916283,0.84730943,0.001062036,0.101230833,0.904331051,0.0010847,0.279285534,0.856770008,0.001058605,0.537052571,0.954789062,0.000942487,0.079989076,0.622533094,0.001082842,0.078436202,0.609009213,0.001083011,0.041178467,0.632419945,0.001086287,-0.014180712,0.729382766,0.001087255,0.080745074,0.696758077,0.001082507,0.537052571,0.954789062,0.000942487,0.079989076,0.622533094,0.085461059,0.618568304,0.080745116,0.696758077,0.191793243,0.820837589,0.537052592,0.954789062,0.561538654,0.958251265
0.04433809,0.585846866,0.001186571,0.154956163,0.70018848,0.001179125,0.069795459,0.826462131,0.001186061,0.180798275,0.724920699,0.001176435,0.465641497,0.894794433,0.001095676,0.042310203,0.507190853,0.001186022,0.037016174,0.527785131,0.00118617,0.033575514,0.641518682,0.001186658,-0.004444655,0.733016655,0.001187409,0.057414156,0.610785166,0.001186421,0.465641497,0.894794433,0.001095676,0.042310203,0.507190853,0.046608422,0.52377279,0.05741414,0.610785166,0.187989857,0.820491086,0.465641487,0.894794433,0.519847104,0.897155673
0.031602293,0.514106187,0.000811174,0.27932248,0.818219856,0.000790621,0.101310447,0.791309223,0.00080983,0.305021785,0.824864536,0.000785446,0.517757487,0.924752636,0.000725959,0.132437249,0.666109038,0.00080625,0.125644046,0.651011906,0.000807857,0.027545704,0.712588589,0.000811112,-0.008497017,0.786625302,0.000811648,0.144556535,0.751063286,0.000805284,0.517757487,0.924752636,0.000725959,0.132437249,0.666109038,0.141338084,0.669182066,0.144556591,0.751063286,0.247195665,0.848335563,0.517757518,0.924752636,0.521320593,0.927752975
0.021590754,0.596450358,0.000871561,0.239799643,0.797236672,0.000853064,0.016518985,0.790441157,0.000871405,0.272140498,0.824052866,0.00084801,0.423133372,0.891095964,0.000785952,0.181421561,0.621839205,0.000861,0.159034193,0.60513444,0.0008633,0.068107959,0.644000667,0.000871737,0.024508227,0.714511068,0.00087111,0.124015125,0.67698216,0.000864338,0.423133372,0.891095964,0.000785952,0.181421561,0.621839205,0.158067585,0.62326851,0.124015115,0.67698216,0.146917202,0.66151943,0.423133365,0.891095964,0.428395026,0.89540082
0.077660546,0.675035229,0.000875399,0.288250151,0.853618363,0.000848781,0.105456019,0.859890434,0.000875254,0.314729043,0.861478974,0.000842548,0.507850002,0.916354046,0.000763002,0.153109235,0.690755571,0.000869176,0.153698891,0.688729445,0.000869697,0.040186989,0.526970302,0.000875992,-0.019066255,0.647432182,0.000876832,0.133124351,0.70983081,0.000871354,0.507850002,0.916354046,0.000763002,0.153109235,0.690755571,0.160532093,0.692347978,0.133124377,0.70983081,0.2326928,0.75343813,0.507850017,0.916354046,0.51719118,0.910365008
0.086049602,0.713841682,0.000750861,0.298152953,0.926461277,0.000735051,0.122577758,0.905428633,0.000750288,0.315242209,0.927872253,0.000732307,0.552625508,0.970978867,0.000653908,0.087456566,0.707961963,0.000750508,0.076194024,0.6962366,0.000750905,0.042614399,0.614331879,0.000751721,-0.027751727,0.741413802,0.000752242,0.103174606,0.779719711,0.000750554,0.552625508,0.970978867,0.000653908,0.087456566,0.707961963,0.099220989,0.717672659,0.103174629,0.779719711,0.235814394,0.898167022,0.552625519,0.970978867,0.561101583,0.975465447
0.008880478,0.682692308,0.000164892,0.052581083,0.727564103,0.000164731,0.064664987,0.982371795,0.00016476,0.046680821,0.663461538,0.000164753,0.26424455,0.975961538,0.000164066,-0.01562694,0.769230769,0.00016484,-0.003434702,0.903846154,0.00016487,0.018181117,0.947115385,0.000164667,-0.227419674,0.959134615,0.00016526,-0.008629009,0.695512821,0.00016508,0.26424455,0.975961538,0.000164066,-0.01562694,0.769230769,-0.1206684,0.903436624,-0.008629178,0.695512821,0.249875983,0.704386954,0.264244426,0.975961538,0.290883628,1
0.058119801,0.624587459,0.000175759,0.149769374,0.795379538,0.000175624,0.160420249,0.910891089,0.000175644,0.158149145,0.801980198,0.000175621,0.414018583,0.943894389,0.000172436,-0.00652057,0.73019802,0.000175829,-0.014359352,0.749174917,0.000175848,-0.022508455,0.794554455,0.000175874,-0.243900379,0.815594059,0.000176436,-0.001752445,0.542079208,0.00017589,0.414018583,0.943894389,0.000172436,-0.00652057,0.73019802,0.005255077,0.727722772,-0.001752578,0.542079208,0.11929714,0.73679868,0.414018505,0.943894389,0.47435369,0.930693069
-0.040250618,0.571428571,0.000226274,0.282936125,1,0.000221738,-0.047547543,0.705069124,0.000226352,0.306137573,1,0.000220275,0.49365523,1,0.000189535,0.08049279,0.997695853,0.000225668,0.060382668,0.997695853,0.000225543,-0.03276701,0.764976959,0.000226125,-0.117167712,0.767281106,0.000226349,0.012574694,1,0.000225977,0.49365523,1,0.000189535,0.08049279,0.997695853,0.056901475,0.997695853,0.012574667,1,0.071155464,1,0.493655216,1,0.496820053,0.995391705
0.026822448,0.778905493,0.000207927,0.313979356,0.96803653,0.000201355,0.055538255,0.942223606,0.000207963,0.346080506,0.97412481,0.000199313,0.51875522,0.987062405,0.000184037,0.059555012,0.883603155,0.000207718,0.049914396,0.875999723,0.000207748,-0.032382349,0.72144735,0.000208042,-0.182306436,0.798381071,0.000208463,0.092577002,0.936847931,0.000207697,0.51875522,0.987062405,0.000184037,0.059555012,0.883603155,0.065560126,0.894257645,0.092576973,0.936847931,0.168775974,0.972616577,0.518755205,0.987062405,0.524310362,0.99238965
0.004420224,0.527026994,0.000226208,0.265765707,0.876276896,0.000224739,0.049631285,0.746591321,0.000226347,0.290180601,0.891831486,0.000224321,0.506528618,0.989111063,0.000217121,0.020415975,0.551362023,0.000226224,0.017214357,0.539716004,0.000226241,0.004432635,0.733840469,0.000226213,-0.16160568,0.759621097,0.00022677,0.006494297,0.866101572,0.000226376,0.506528618,0.989111063,0.000217121,0.020415975,0.551362023,0.037532136,0.569231327,0.006494301,0.866101572,0.184071834,0.920625951,0.506528621,0.989111063,0.514209359,0.990290444
0.042415598,0.76868707,0.000242019,0.288012917,0.96075826,0.00024015,0.061409247,0.913083249,0.000242446,0.309486711,0.959979479,0.000239836,0.537863031,0.986657366,0.000218327,0.093010358,0.633293472,0.000241755,0.095010591,0.682607701,0.000241767,0.009635043,0.605681785,0.000242065,-0.126572358,0.691812827,0.000242503,0.134825194,0.816569227,0.000241625,0.537863031,0.986657366,0.000218327,0.093010358,0.633293472,0.092564835,0.687287773,0.134825182,0.816569227,0.289468002,0.961566569,0.537863025,0.986657366,0.574662935,0.970206986
0.012858791,0.556650246,0.00014238,0.095572605,0.752052545,0.00014231,0.038494363,0.81773399,0.000142648,0.127298159,0.742200328,0.00014228,0.330394806,0.873563218,0.000141877,-0.009273319,0.610837438,0.000142394,-0.016905868,0.697865353,0.000142404,-0.038786265,0.773399015,0.000142451,-0.357805963,0.807881773,0.00014309,-0.010364619,0.596059113,0.000142767,0.330394806,0.873563218,0.000141877,-0.009273319,0.610837438,0.008589049,0.70771757,-0.010364728,0.596059113,0.171637751,0.825944171,0.330394734,0.873563218,0.510658271,0.983579639
0.005983337,0.835365854,8.19E-05,0.445088342,1,8.06E-05,0.015394423,0.951219512,8.20E-05,0.454722799,1,8.06E-05,0.613916439,1,7.40E-05,0.183907667,0.969512195,8.18E-05,0.16274705,0.957317073,8.20E-05,-0.122736994,0.609756098,8.20E-05,-0.690280033,0.670731707,8.27E-05,0.338889561,0.993902439,8.19E-05,0.613916439,1,7.40E-05,0.183907667,0.969512195,0.257292691,0.987804878,0.338889895,0.993902439,0.552046243,1,0.613916635,1,0.572036917,1
0.083099531,0.809929078,0.000140476,0.35707863,0.992907801,0.000137877,0.182317192,0.980851064,0.000140435,0.374468666,0.990070922,0.000137451,0.563256924,0.995744681,0.000123923,0.089726837,0.641843972,0.000140331,0.093915001,0.633333333,0.000140309,-0.051849403,0.657446809,0.000140642,-0.374792499,0.754255319,0.000141294,0.171308058,0.817730496,0.000140019,0.563256924,0.995744681,0.000123923,0.089726837,0.641843972,0.134525444,0.664539007,0.171307874,0.817730496,0.380786118,0.985815603,0.563256827,0.995744681,0.567222559,0.99929078
-0.006994016,0.6235868,0.000154669,0.297605895,0.879311751,0.000150788,0.046596387,0.677109605,0.000155006,0.326245709,0.891586674,0.000149522,0.532002467,0.922708451,0.00013516,0.156812549,0.581802497,0.000153407,0.148971724,0.633750549,0.000153314,-0.043233796,0.589472363,0.000154708,-0.311106916,0.568589623,0.000155327,0.237483981,0.683948177,0.000150902,0.532002467,0.922708451,0.00013516,0.156812549,0.581802497,0.190068726,0.63519355,0.237483852,0.683948177,0.424285353,0.924825899,0.532002387,0.922708451,0.532317211,0.925465437
0.074481633,0.939517082,0.000136438,0.293252628,0.97091195,0.000132518,0.096080563,0.946570408,0.00013674,0.316924874,0.977201258,0.000131123,0.55594104,0.970125786,0.000113743,0.180711108,0.94418239,0.00013568,0.17993242,0.941823899,0.00013556,0.009502476,0.586116278,0.000136535,-0.385672376,0.683290519,0.00013726,0.249362163,0.948899371,0.000134101,0.55594104,0.970125786,0.000113743,0.180711108,0.94418239,0.204257618,0.948899371,0.249361947,0.948899371,0.375023751,0.982704403,0.555940912,0.970125786,0.559206888,0.973456236
0.106394966,0.912457912,6.86E-05,0.636695233,1,6.07E-05,0.142480495,0.978114478,6.90E-05,0.680119363,1,5.83E-05,0.767117235,1,4.57E-05,0.248058645,0.905723906,6.84E-05,0.223858221,0.893939394,6.84E-05,-0.080549705,0.61321608,0.000204017,-0.206101976,0.694840871,0.00020473,0.479508482,0.994949495,6.74E-05,0.767117235,1,4.57E-05,0.248058645,0.905723906,0.289085247,0.927609428,0.479508297,0.994949495,0.525449145,1,0.767117152,1,0.7642608,1
-0.015472876,0.674650699,7.81E-05,0.099669149,0.842315369,7.80E-05,0.101060728,0.958083832,7.83E-05,0.13860614,0.918163673,7.80E-05,0.337148485,0.94011976,7.89E-05,0.018833412,0.552894212,7.81E-05,0.027879151,0.730538922,7.81E-05,-0.0111208,0.71257485,7.81E-05,-0.822254364,0.796407186,7.89E-05,0.102783985,0.822355289,7.81E-05,0.337148485,0.94011976,7.89E-05,0.018833412,0.552894212,0.055455198,0.730538922,0.102784327,0.822355289,0.312676466,0.952095808,0.337148738,0.94011976,0.392380457,0.934131737
0.068400834,0.561616162,0.000148655,0.228881689,0.767676768,0.000148162,0.102806636,0.84040404,0.000149037,0.240859201,0.783838384,0.000148195,0.511548233,0.935230352,0.000140649,0.170744279,0.795959596,0.000147931,0.167527661,0.781818182,0.000147856,0.024401938,0.872727273,0.000148673,-0.347460978,0.887878788,0.000149425,0.236690687,0.535353535,0.00014658,0.511548233,0.935230352,0.000140649,0.170744279,0.795959596,0.183918319,0.777777778,0.236690615,0.535353535,0.346158097,0.925252525,0.511548187,0.935230352,0.565868126,0.933333333
-0.04243755,0.728070175,7.09E-05,0.48585134,1,6.85E-05,-0.129475003,0.528508772,7.12E-05,0.515639383,1,6.78E-05,0.78677261,1,4.58E-05,0.169269777,0.916666667,7.08E-05,0.171486989,0.989035088,7.08E-05,-0.122987215,0.914473684,7.10E-05,-0.95749234,0.940789474,7.19E-05,0.336337091,1,7.05E-05,0.78677261,1,4.58E-05,0.169269777,0.916666667,0.227499105,0.997807018,0.336337236,1,0.475003205,1,0.786772657,1,0.787683613,1
-0.023235518,0.78041958,7.28E-05,0.091410187,0.829370629,7.27E-05,0.080504773,0.892773893,7.28E-06,0.107735666,0.759440559,7.28E-05,0.291310266,0.976689977,7.35E-05,-0.046120048,0.822377622,7.28E-05,-0.046682594,0.888111888,7.28E-05,-0.109307921,0.958041958,7.28E-05,-0.94274279,0.961538462,7.37E-05,-0.07788507,0.872727273,7.28E-05,0.291310266,0.976689977,7.35E-05,-0.046120048,0.822377622,0.004469305,0.881118881,-0.077884709,0.872727273,-0.004611266,0.839160839,0.291310503,0.976689977,0.317232399,0.981763409
-0.024347185,0.745614035,1.00E-04,0.094000233,0.868421053,9.99E-05,0.047345043,0.859649123,9.99E-06,0.129249906,0.903508772,9.99E-05,0.359720257,0.894736842,9.98E-05,0.026155028,0.596491228,9.99E-05,-0.041600499,0.833333333,0.000100255,-0.04503364,0.912280702,0.000100268,-0.633472184,0.934210526,0.000101126,0.052855644,0.824561404,1.00E-04,0.359720257,0.894736842,9.98E-05,0.026155028,0.596491228,0.036739103,0.649122807,0.052855398,0.824561404,0.09083746,0.872390865,0.359720091,0.894736842,0.407541626,0.920345646
0.036975947,0.849206349,8.90E-05,0.481684322,1,8.44E-05,-0.038438954,0.833333333,8.91E-05,0.520487284,1,8.35E-05,0.700342749,1,6.39E-05,0.269371494,0.992063492,8.85E-05,0.281449398,0.984126984,8.87E-05,-0.038592536,0.761904762,8.90E-05,-0.65339841,0.746031746,8.98E-05,0.387519936,1,8.62E-05,0.700342749,1,6.39E-05,0.269371494,0.992063492,0.285745431,0.984126984,0.387519617,1,0.389903715,1,0.700342593,1,0.711170224,1
-0.028867352,0.853333333,8.37E-05,0.378155794,1,8.13E-05,-0.04840219,0.993333333,8.37E-05,0.414954893,1,8.12E-05,0.584339999,1,7.50E-05,0.015984402,1,8.36E-05,0.022709738,1,8.36E-05,-0.092550894,0.913333333,8.39E-05,-0.739451316,0.953333333,8.46E-05,-0.047354124,1,8.41E-05,0.584339999,1,7.50E-05,0.015984402,1,0.062531656,1,-0.047353764,1,0.065363541,1,0.584340142,1,0.596747391,1
-0.046842266,0.908629442,0.000149348,0.374635352,1,0.000139188,-0.074969863,0.989847716,0.000149573,0.412993195,1,0.000136183,0.517482974,1,0.000128378,0.281715007,0.827411168,0.000148154,0.234848289,0.829949239,0.00014884,-0.015277473,0.711402327,0.000150121,-0.321681637,0.767308954,0.000150752,0.204566991,0.969543147,0.000146781,0.517482974,1,0.000128378,0.281715007,0.827411168,0.303570678,0.948129252,0.204566785,0.969543147,0.25867395,0.965684359,0.517482849,1,0.519574553,1
0.043569539,0.85,0.000158928,0.429441799,1,0.000152352,-0.014248659,0.947368421,0.000159299,0.465662538,1,0.000150626,0.651812462,1,0.000126604,0.32576841,0.984210526,0.00015717,0.326076805,0.981578947,0.000157307,-0.034124709,0.778947368,0.00015959,-0.29439032,0.838157895,0.000160166,0.278526244,0.989473684,0.000154486,0.651812462,1,0.000126604,0.32576841,0.984210526,0.338112663,0.986842105,0.278526409,0.989473684,0.320433131,0.98756828,0.651812542,1,0.650652654,1
0.0871963,0.76,0.000246328,0.449458824,0.9925,0.000235756,-0.008628079,0.825,0.000247047,0.48363075,1,0.000235756,0.644949036,1,0.000200426,0.168987344,0.8575,0.000245783,0.171993603,0.87,0.000245771,0.036365159,0.53,0.000246458,-0.097696463,0.57875,0.000246841,0.180789501,0.9675,0.000244308,0.644949036,1,0.000200426,0.168987344,0.8575,0.138659913,0.8775,0.180789394,0.9675,0.287716971,0.974034432,0.644948989,1,0.645482718,1
-0.005600358,0.703389831,0.000180768,0.336097022,0.892655367,0.000167317,-0.053007338,0.759887006,0.000181382,0.369133525,0.926553672,0.000163415,0.51030513,0.898305085,0.000159206,0.179232113,0.768361582,0.000179651,0.169546204,0.771186441,0.000180243,0.020230793,0.508474576,0.000180719,-0.201773392,0.552259887,0.000181229,0.149239501,0.850282486,0.000178069,0.51030513,0.898305085,0.000159206,0.179232113,0.768361582,0.175260956,0.779661017,0.149239335,0.850282486,0.277730652,0.907785323,0.510305034,0.898305085,0.536494128,0.934589781
0.052607967,0.9,0.000163961,0.107307001,0.910526316,0.000163943,-0.024829004,0.955263158,0.000164581,0.105862631,0.936842105,0.000163941,0.357663866,0.939473684,0.000163478,0.003438213,0.539473684,0.000164026,-0.100133827,0.634210526,0.00016401,-0.010682222,0.642105263,0.000164038,-0.218909862,0.671052632,0.000164447,-0.020422623,0.668421053,0.000164471,0.357663866,0.939473684,0.000163478,0.003438213,0.539473684,-0.057698788,0.644736842,-0.020422815,0.668421053,0.067653942,0.823456645,0.357663745,0.939473684,0.371597622,0.947457877
0.084757337,0.777142857,0.000248666,0.338292334,0.994285714,0.000246156,0.052934138,0.874285714,0.000248855,0.382402553,0.994285714,0.000245131,0.596746617,0.997142857,0.00022054,0.231531278,0.942857143,0.000247329,0.227860231,0.944285714,0.000247516,0.052332169,0.731307326,0.000250473,-0.139670732,0.832448044,0.000251038,0.252394822,0.965714286,0.000244087,0.596746617,0.997142857,0.00022054,0.231531278,0.942857143,0.169763685,0.96,0.252394707,0.965714286,0.252350617,0.972589806,0.596746555,0.997142857,0.604473398,0.998045972
0.067656642,0.837662338,0.000190703,0.218780674,0.954545455,0.000189902,0.023023126,0.967532468,0.000191224,0.244458144,0.967532468,0.000189862,0.46882409,0.915584416,0.000184949,0.156395777,0.571428571,0.000190257,0.151040889,0.564935065,0.000190329,0.045331831,0.642857143,0.000190703,-0.15757469,0.659090909,0.000191114,0.192360463,0.649350649,0.000189497,0.46882409,0.915584416,0.000184949,0.156395777,0.571428571,0.061930324,0.849162011,0.192360337,0.649350649,0.268554571,0.783268896,0.468824007,0.915584416,0.482425382,0.943489579
0.059407648,0.916201117,0.000175769,0.200173267,0.983240223,0.000175301,0.006029341,0.994413408,0.000176167,0.222522206,0.983240223,0.000175284,0.478522763,0.988826816,0.000170692,0.136495671,0.849162011,0.000175542,0.14544645,0.810055866,0.000175503,0.020559561,0.659217877,0.000175804,-0.17423268,0.55027933,0.000176172,0.14699522,0.87150838,0.000175244,0.478522763,0.988826816,0.000170692,0.136495671,0.590909091,0.048996448,0.843575419,0.146995283,0.87150838,0.200655438,0.903458678,0.478522801,0.988826816,0.483216643,0.991806242
0.136039301,0.88299193,0.000269361,0.186573836,0.973666214,0.0002692,0.121042458,0.985938832,0.00026948,0.222028107,0.980257551,0.000268991,0.50612479,0.991556986,0.000258848,0.024771108,0.512698713,0.000269672,0.028620877,0.587112963,0.000269667,0.052588283,0.712256192,0.000270505,-0.100320975,0.820894066,0.000270949,0.073390877,0.714573536,0.000270262,0.50612479,0.991556986,0.000258848,0.024771108,0.512698713,-0.013742257,0.57512441,0.073390988,0.714573536,0.12094688,0.834528694,0.50612485,0.991556986,0.513794691,0.993268024
0.254001654,0.804020101,0.000251776,0.366871181,0.869346734,0.000248846,0.033520508,0.824120603,0.000253926,0.321965288,0.879396985,0.000249084,0.390731066,0.947236181,0.000248547,0.161479834,0.939698492,0.000252324,0.14083394,0.927135678,0.000252298,0.066371325,0.866834171,0.000253043,-0.018406924,0.600502513,0.00025327,0.157406962,0.899497487,0.000252748,0.390731066,0.947236181,0.000248547,0.161479834,0.939698492,0.199034273,0.939144375,0.157407119,0.899497487,0.414179822,0.972361809,0.39073118,0.947236181,0.472216502,0.954120603
0.025157405,0.803468208,0.00018782,0.095281828,0.930635838,0.00018609,-0.131046552,0.895953757,0.00018883,0.142778966,0.936416185,0.000186775,0.242776797,0.953757225,0.000187584,-0.045402089,0.832369942,0.00018845,-0.078994778,0.826589595,0.000189369,-0.059876862,0.820809249,0.000187916,-0.060085618,0.644508671,0.000187829,-0.04292884,0.809248555,0.000188211,0.242776797,0.953757225,0.000187584,-0.045402089,0.832369942,-0.077736999,0.843930636,-0.042929033,0.809248555,-0.050749715,0.988439306,0.242776657,0.953757225,0.390773022,0.971098266
0.162433046,0.529761905,0.000181211,0.286029713,0.767857143,0.0001798,0.076145533,0.919642857,0.000181549,0.307541116,0.779761905,0.000179837,0.417840462,0.895833333,0.000175486,0.024859333,0.818452381,0.000181553,0.01155336,0.8125,0.000181918,0.029769134,0.735119048,0.000181325,-0.075290571,0.758928571,0.000181469,0.024561277,0.791666667,0.000181898,0.417840462,0.895833333,0.000175486,0.024859333,0.818452381,0.056142722,0.8125,0.024561509,0.791666667,0.317500525,0.925595238,0.4178406,0.895833333,0.483586266,0.901785714
0.030043868,0.549569042,0.000263611,0.073228346,0.584550033,0.000262852,0.137389364,0.830750051,0.000263292,0.148226123,0.849861049,0.000262887,0.32684295,0.833687763,0.000261761,0.052247914,0.564527392,0.000263441,0.053458238,0.603650451,0.000263438,0.072938012,0.802799467,0.000263072,-0.038083923,0.891419271,0.000263369,0.069465424,0.663660185,0.000263631,0.32684295,0.833687763,0.000261761,0.052247914,0.564527392,0.057906685,0.510484775,0.069465361,0.663660185,0.231112723,0.833176397,0.326842905,0.833687763,0.332996974,0.851520345
0.299658728,0.700782803,0.000400799,0.348783572,0.626013372,0.000399319,0.242895203,0.661888926,0.00040128,0.378633206,0.54704444,0.000397934,0.497781644,0.815884445,0.000395627,0.299047506,0.654771348,0.000399758,0.288622191,0.663122407,0.000399877,0.263811993,0.743194062,0.00040024,0.272499665,0.715488685,0.000400058,0.308877383,0.616718679,0.000399471,0.497781644,0.815884445,0.000395627,0.299047506,0.654771348,0.311194064,0.65613766,0.308877408,0.616718679,0.383636597,0.796002737,0.497781662,0.815884445,0.565882698,0.858630573
0.059492552,0.699953571,0.000449237,0.10652923,0.675217315,0.000446754,0.000756935,0.739452277,0.000450593,0.171904238,0.787841853,0.000447015,0.330083654,0.939315147,0.000440055,0.113988984,0.738126957,0.000448772,0.107897304,0.776058703,0.000448607,0.029840607,0.662641002,0.000449987,0.009378033,0.836779542,0.000450085,0.130819436,0.814577659,0.000447869,0.330083654,0.939315147,0.000440055,0.113988984,0.738126957,0.124970038,0.706423991,0.130819435,0.814577659,0.231651845,0.951152917,0.330083653,0.939315147,0.45746216,0.954578053
0.17374927,0.713191489,0.000477913,0.253941755,0.905531915,0.000474423,0.049109147,0.868085106,0.000479247,0.28826824,0.923404255,0.000471765,0.412301754,0.921702128,0.00046157,0.086755405,0.727659574,0.000477281,0.10290941,0.723404255,0.000476671,0.043066174,0.681702128,0.000478857,0.016386253,0.628510638,0.000479022,0.079446202,0.740425532,0.000478261,0.412301754,0.921702128,0.00046157,0.086755405,0.727659574,0.072194274,0.747234043,0.079446199,0.740425532,0.209712802,0.901276596,0.412301753,0.921702128,0.509047516,0.928510638
0.112156438,0.642869084,0.00053899,0.215157364,0.663723602,0.000534071,0.069768303,0.877434676,0.000539822,0.313655667,0.851770125,0.000528578,0.455806948,0.960388679,0.000515123,0.161596543,0.757408378,0.000533682,0.165047026,0.790578546,0.000534769,0.051216617,0.64791411,0.000539435,0.006309573,0.794544521,0.000539606,0.165963536,0.704705102,0.000533617,0.455806948,0.960388679,0.000515123,0.161596543,0.757408378,0.17900152,0.728701568,0.165963576,0.704705102,0.35075868,0.905074186,0.455806974,0.960388679,0.490624069,0.971559354
0.129753088,0.636009294,0.000506809,0.223516064,0.798186873,0.000503444,0.091896564,0.87826663,0.000506716,0.263573317,0.793167815,0.000501878,0.417699077,0.906723188,0.000489025,0.142931828,0.852158391,0.000502914,0.125481219,0.862782608,0.000504273,0.057339775,0.716566155,0.000506767,0.013825426,0.631322773,0.000507015,0.131677356,0.844260391,0.000504212,0.417699077,0.906723188,0.000489025,0.142931828,0.852158391,0.112447053,0.849242246,0.131677367,0.844260391,0.232349167,0.852801274,0.417699085,0.906723188,0.435491066,0.911410036
0.174599075,0.758253568,0.000508164,0.299423959,0.910591688,0.000502302,0.066569468,0.875136175,0.000510904,0.304078027,0.885712162,0.00050248,0.388725784,0.829241461,0.000495626,0.074086208,0.788583547,0.000511531,0.047448228,0.779473835,0.000512346,0.07867942,0.658859392,0.000510279,0.013819887,0.529011107,0.000510941,0.090279197,0.806183041,0.000511198,0.388725784,0.829241461,0.000495626,0.074086208,0.788583547,0.093854172,0.795679836,0.09027913,0.806183041,0.324437219,0.901584566,0.388725739,0.829241461,0.4350356,0.825814177
0.118615538,0.506023873,0.000600917,0.205760867,0.680194813,0.000595949,0.033973741,0.701126437,0.000601096,0.24124063,0.739,0.00059533,0.404344734,0.91495756,0.000581434,0.043051153,0.604197171,0.000600264,0.040804864,0.589444444,0.000600531,0.02178379,0.547148246,0.000601075,0.009291078,0.616653551,0.000600975,0.044439582,0.63356705,0.000600616,0.404344734,0.91495756,0.000581434,0.043051153,0.604197171,0.054504105,0.615057766,0.044439503,0.63356705,0.207102248,0.876269378,0.404344685,0.91495756,0.418135795,0.921279988
0.037465638,0.669394262,0.000724295,0.11742335,0.810736401,0.000718803,-0.051232249,0.807826143,0.000725004,0.134440132,0.817707873,0.000719402,0.321438846,0.892753213,0.000703682,-0.021481841,0.674705031,0.000725668,0.060786645,0.713478875,0.0006551,0.050289279,0.617339328,0.000652914,0.010415365,0.500128582,0.000653412,-0.02340923,0.678569969,0.000724686,0.321438846,0.892753213,0.000703682,-0.021481841,0.674705031,0.078472715,0.751405941,-0.023409292,0.678569969,0.183679285,0.928895687,0.321438805,0.892753213,0.486121458,0.927917669
0.008859368,0.602051964,0.000774346,0.091247902,0.805903851,0.000767376,-0.066536061,0.788399372,0.000775062,0.151778508,0.799123331,0.000767701,0.326708192,0.870621243,0.000749816,0.098828125,0.585233862,0.000772638,0.096086772,0.598922014,0.000697554,0.044147167,0.554758119,0.00079791,0.003309565,0.558189398,0.000798319,0.020781971,0.587994045,0.000771833,0.326708192,0.870621243,0.000749816,0.098828125,0.585233862,0.103570933,0.606812882,0.020781958,0.587994045,0.281622674,0.828821579,0.326708183,0.870621243,0.454135729,0.872857067
0.118513208,0.505046977,0.0008053,0.214689946,0.761056301,0.000796707,0.053840409,0.691368483,0.000807388,0.254839078,0.780676827,0.000797128,0.390257754,0.858958352,0.000779008,0.101029627,0.59730522,0.000802559,0.096690866,0.595034415,0.000802965,0.062822859,0.526110099,0.00080642,-0.008494676,0.655392947,0.000807293,0.10261067,0.613011321,0.000804599,0.390257754,0.858958352,0.000779008,0.101029627,0.59730522,0.109395456,0.615530417,0.102610647,0.613011321,0.303960362,0.87546444,0.390257738,0.858958352,0.450477402,0.849986719
0.163714138,0.671419098,0.000598542,0.310111182,0.718943413,0.000591994,0.097534718,0.710985853,0.000600895,0.335136025,0.724801061,0.000591807,0.430604926,0.841511936,0.000582148,0.061462261,0.676061008,0.000600396,0.055284139,0.620689655,0.000600418,0.032808963,0.747679045,0.000600932,-0.015713515,0.848143236,0.00060114,0.082764096,0.651414677,0.000599632,0.430604926,0.841511936,0.000582148,0.061462261,0.676061008,0.099823069,0.63615296,0.082764065,0.651414677,0.347414778,0.84040672,0.430604907,0.841511936,0.435633612,0.848543641
0.121461022,0.588934864,0.000643608,0.267463848,0.83772165,0.000635383,0.117462429,0.775573447,0.000645385,0.216145983,0.868898323,0.000640553,0.405188328,0.881273412,0.000625879,0.059488083,0.633820813,0.000644623,0.047044348,0.62648448,0.000645155,0.028316961,0.735878142,0.000645877,-0.017442695,0.853557167,0.000646146,0.066624986,0.625338483,0.000644711,0.405188328,0.881273412,0.000625879,0.059488083,0.633820813,0.100913379,0.5846305,0.066624963,0.625338483,0.329375221,0.845372431,0.405188313,0.881273412,0.464911612,0.900451178
0.12825697,0.573434856,0.000754888,0.297823493,0.84856176,0.000746991,0.175035162,0.831979695,0.00075497,0.332105322,0.9,0.000743036,0.412587621,0.900084602,0.000732917,0.100294315,0.665651438,0.000752601,0.077207047,0.68680203,0.000754106,-0.019489499,0.860152284,0.000757148,-0.043966851,0.933883249,0.000757203,0.097025667,0.635279188,0.000750898,0.412587621,0.900084602,0.000732917,0.100294315,0.665651438,0.121792934,0.602876481,0.097025729,0.635279188,0.335098151,0.744923858,0.412587661,0.900084602,0.429636747,0.905160535
-0.026495839,0.92139738,0.000103785,-0.303455533,0.541484716,0.000104482,-0.168597583,0.558951965,0.000104472,-0.097629349,0.598253275,0.00010424,0.32370093,0.934796778,0.000103291,0.302776334,0.995633188,0.000102627,0.26516122,0.991266376,0.000102607,-0.037452806,0.864628821,0.00010379,-0.176062417,0.574235808,0.000103857,0.370489377,0.995633188,0.000101298,0.32370093,0.934796778,0.000103291,0.302776334,0.995633188,0.321361728,0.995633188,0.370489356,0.995633188,0.408087926,1,0.323700908,0.934796778,0.392602826,0.942453687
0.033209441,0.874458874,0.000100107,0.116497416,0.965367965,0.000100332,0.128510082,0.985569986,0.000100365,0.183681459,0.991341991,0.000100214,0.432445452,0.975468975,9.82E-05,0.036266262,0.722943723,0.000100149,-0.009113367,0.780663781,0.000100308,-0.033697549,0.606060606,0.000100121,-0.208879824,0.80952381,0.000100229,0.047162776,0.774891775,0.000100201,0.432445452,0.975468975,9.82E-05,0.036266262,0.722943723,0.007156518,0.770562771,0.047162463,0.774891775,0.152351459,0.871572872,0.432445265,0.975468975,0.47378576,0.935064935
0.147074489,0.922272048,0.000103532,0.488671438,1,1.00E-04,0.220855039,1,0.000103656,0.232816935,0.955156951,0.000103488,0.355092846,0.914798206,0.000103139,0.044919675,0.544095665,0.000103644,0.041981519,0.642750374,0.000103674,-0.041260286,0.686098655,0.000103675,-0.200454648,0.894618834,0.000103775,0.033591655,0.521674141,0.000103685,0.355092846,0.914798206,0.000103139,0.044919675,0.544095665,0.014423711,0.511210762,0.033591276,0.521674141,0.089791149,0.732436472,0.355092593,0.914798206,0.516148772,0.976083707
-0.00892062,0.590594744,0.000102536,0.501358307,1,9.96E-05,0.188183847,0.991701245,0.00010312,0.28138523,0.972337483,0.000102525,0.50655816,0.998616874,9.88E-05,0.049242621,0.912863071,0.000102583,0.021642135,0.784232365,0.00010271,0.003126564,0.614107884,0.00010253,-0.189302411,0.856846473,0.000102667,0.048897146,0.950207469,0.000102598,0.50655816,0.998616874,9.88E-05,0.049242621,0.912863071,0.044340375,0.831258645,0.048897362,0.950207469,0.022075625,0.957123098,0.506558272,0.998616874,0.378697495,0.93637621
0.069328194,0.681340489,0.000187936,-0.151854991,0.867215887,0.000188274,-0.062108509,0.800883224,0.000189147,0.357016455,0.809449941,0.000187586,0.357016455,0.897255297,0.000187128,0.0250724,0.937398681,0.000188012,0.02176019,0.933653362,0.000188067,0.010352993,0.763367153,0.00018802,-0.035445995,0.849519956,0.000188034,0.025674731,0.94488233,0.000188049,0.357016455,0.897255297,0.000187128,0.0250724,0.937398681,0.042133042,0.930844374,0.025674736,0.94488233,0.100390614,0.888667617,0.357016459,0.897255297,0.363387906,0.908428364
0.082498342,0.657868536,0.000185561,0.100400218,0.918169113,0.000185137,0.001452207,0.895584673,0.000188596,0.089500924,0.887098107,0.000184901,0.342288098,0.943466242,0.000182881,0.035991762,0.677677242,0.000186384,0.043486392,0.710532293,0.00018644,0.001110456,0.508171172,0.000186272,-0.038205584,0.897841422,0.000186271,0.035991762,0.677730085,0.000186502,0.342288098,0.943466242,0.000182881,0.035991762,0.677677242,0.053401562,0.594217713,0.035991762,0.677730085,0.10643067,0.654368895,0.342288098,0.943466242,0.429687706,0.96797153
0.047790361,0.562749369,0.000180801,0.264462095,0.941470456,0.000180024,0.090824008,0.922684369,0.000181869,0.398662103,0.977450472,0.00017757,0.581678541,0.99785292,0.000167303,0.312631649,0.85762369,0.000179197,0.30366248,0.874266155,0.00017849,0.031930381,0.624866024,0.000180821,-0.046675138,0.932856204,0.000180895,0.359264901,0.895761159,0.000178525,0.581678541,0.99785292,0.000167303,0.312631649,0.85762369,0.321002154,0.816794593,0.359264796,0.895761159,0.450075842,0.982264979,0.581678472,0.99785292,0.533087163,0.962420911
-0.180586569,0.536724118,0.000180632,-0.174851561,0.727638593,0.000182249,0.080046328,0.943289505,0.000177704,-0.122545225,0.675909145,0.000178626,0.35159037,0.940310353,0.000176493,-0.002734977,0.509035181,0.000178363,0.003205882,0.569580668,0.000178339,-0.025698387,0.714925373,0.000177775,-0.048994031,0.956716418,0.000177715,-0.427889901,0.558721275,0.000187294,0.35159037,0.940310353,0.000176493,-0.002734977,0.509035181,0.173355154,0.585074627,-0.427889494,0.558721275,-0.306059577,0.660729093,0.351590554,0.940310353,0.380569548,0.951498344
-0.141773801,0.552960014,0.000246103,-0.024381835,0.972576288,0.000246179,0.072076854,0.973422247,0.000243392,0.005473295,0.682633008,0.000241003,0.394022239,0.87561056,0.000233988,0.229309007,0.953146997,0.000236127,0.197846164,0.95160451,0.000234099,-0.28083588,0.611460957,0.000324424,-0.28035149,0.956549118,0.00032432,-0.006248871,0.961120323,0.000237572,0.394022239,0.87561056,0.000233988,0.229309007,0.953146997,0.308453927,0.937055133,-0.006248704,0.961120323,0.049232415,0.956547236,0.39402234,0.87561056,0.408261183,0.903808679
-0.049955718,0.718735159,0.000510765,-0.006123578,0.816659042,0.000508508,0.017168824,0.835276198,0.000504814,0.102037656,0.573414955,0.000496251,0.359575379,0.791871265,0.000489335,0.233814931,0.883105679,0.000487509,0.161439181,0.885542702,0.000484603,0.000395325,0.500814398,0.000505344,0.013941112,0.92868676,0.000504963,0.006882075,0.764339295,0.000491969,0.359575379,0.791871265,0.000489335,0.233814931,0.883105679,0.347278363,0.813980931,0.006882032,0.764339295,0.033257143,0.80356879,0.359575351,0.791871265,0.403722091,0.825683568
0.154631685,0.708013138,0.00052048,0.17306748,0.515522823,0.000557152,-0.089275365,0.702931734,0.000523869,0.210477191,0.798038507,0.000512464,0.36399685,0.83777821,0.000511643,0.161889599,0.87646682,0.000513501,-0.001164471,0.847318912,0.00051899,-0.026270359,0.563405545,0.000523408,0.022376542,0.620136565,0.000522433,-0.095579323,0.925924896,0.000511627,0.36399685,0.83777821,0.000511643,0.161889599,0.87646682,0.261795023,0.893865439,-0.095579224,0.925924896,-0.076438173,0.955313304,0.363996908,0.83777821,0.388148436,0.846532871
0.106521735,0.57944664,0.000463664,0.116222719,0.706324111,0.000473118,-0.060241076,0.636758893,0.000455057,0.224369577,0.910671937,0.000448341,0.408997739,0.927667984,0.000437231,0.049170774,0.602371542,0.000450791,-0.112086717,0.603162055,0.000458553,-0.067473466,0.531225296,0.00045526,0.005802197,0.895849802,0.000454451,-0.306252126,0.584189723,0.000459086,0.408997739,0.927667984,0.000437231,0.049170774,0.602371542,0.138839578,0.603162055,-0.306252169,0.584189723,-0.273390721,0.783699658,0.40899772,0.927667984,0.424360294,0.935478344
0.1466919,0.790265487,0.000382463,0.140369915,0.848672566,0.000379383,-0.28004473,0.786725664,0.000374552,0.1316875,0.801769912,0.000370327,0.365615828,0.832300885,0.000364051,-0.004371615,0.673893805,0.000371396,-0.236725241,0.652654867,0.000378429,-0.094579032,0.62920354,0.000372892,0.02438695,0.546681416,0.000371381,-0.029374091,0.696902655,0.000370763,0.365615828,0.832300885,0.000364051,-0.004371615,0.673893805,0.114079945,0.704867257,-0.029373939,0.696902655,0.005193328,0.800385859,0.365615922,0.832300885,0.387586008,0.853660974
-0.003154992,0.530995935,0.000295493,0.087245896,0.539126016,0.000324918,-0.475548316,0.543191057,0.000286571,0.128239669,0.956300813,0.00028197,0.306277442,0.923780488,0.000280692,-0.237681252,0.511178862,0.000287591,-0.579550303,0.526422764,0.000297254,-0.275308769,0.792174797,0.000285194,0.017319797,0.945884146,0.000282488,-0.436702524,0.508130081,0.000289566,0.306277442,0.923780488,0.000280692,-0.237681252,0.511178862,-0.033250146,0.533028455,-0.436702543,0.508130081,-0.394684451,0.712359635,0.306277433,0.923780488,0.323588788,0.930679353
0.038961754,0.838654747,0.000310647,0.052398223,0.788846318,0.000364869,-0.420567541,0.770114943,0.000301221,0.096940632,0.933163048,0.000297316,0.070776759,0.852703278,0.000305322,-0.187297219,0.774372073,0.000304543,-0.632202957,0.783737761,0.000324792,-0.221013515,0.738186462,0.000300428,0.025047137,0.837803321,0.000297492,-0.319422474,0.50617284,0.000302324,0.070776759,0.852703278,0.000305322,-0.187297219,0.774372073,0.039516694,0.797360579,-0.319422464,0.50617284,-0.280301837,0.704362683,0.070776766,0.852703278,0.084176015,0.875684437
0.084558173,0.80988787,0.000212786,-0.009817388,0.806829766,0.000218492,-0.895133942,0.852191641,0.00022081,-0.057093756,0.727319062,0.000212574,0.05497637,0.867482161,0.000224951,-0.176326178,0.654434251,0.00021565,-0.468633083,0.635066259,0.000224313,-0.176827551,0.652905199,0.000214196,0.016095414,0.853720693,0.000212868,-0.512160897,0.562181448,0.000218275,0.05497637,0.867482161,0.000224951,-0.176326178,0.654434251,0.041504302,0.69011213,-0.512161126,0.562181448,-0.41274736,0.734563789,0.054976227,0.867482161,0.079311106,0.882583971
0.071000263,0.884202454,0.000221167,-0.375953647,0.847776074,0.000256827,-0.971994644,0.88190184,0.000232112,-0.241216262,0.87154908,0.000223065,0.084322672,0.892883436,0.000243603,-0.186425988,0.739263804,0.000224295,-0.450370106,0.729294479,0.000230254,-0.143632071,0.844708589,0.000222893,0.033854787,0.834739264,0.000221207,-0.363076076,0.833588957,0.000226166,0.084322672,0.892883436,0.000243603,-0.186425988,0.739263804,0.033657244,0.769171779,-0.36307639,0.833588957,-0.321389175,0.889457215,0.084322461,0.892883436,0.10983327,0.918436978
